question_id,title,topic,sub_topic,difficulty,question_link,solution_link
1,Leaders in an Array,Array,Classics,Easy,https://practice.geeksforgeeks.org/problems/leaders-in-an-array-1587115620/1,https://practice.geeksforgeeks.org/problems/leaders-in-an-array-1587115620/1
2,Equilbrium Index,Array,Classics,Easy,https://practice.geeksforgeeks.org/problems/equilibrium-point-1587115620/1,https://practice.geeksforgeeks.org/problems/equilibrium-point-1587115620/1?utm_source=gfg&utm_medium=article&utm_campaign=bottom_sticky_on_article
3,Maximum Absolute Difference,Array,Classics,Medium,https://www.interviewbit.com/problems/maximum-absolute-difference/,https://www.interviewbit.com/problems/maximum-absolute-difference/
4,Majority Element,Array,Classics,Medium,https://leetcode.com/problems/majority-element/description/,https://leetcode.com/problems/majority-element/description/
5,Majority Element II,Array,Classics,Medium++,https://leetcode.com/problems/majority-element-ii/,https://leetcode.com/problems/majority-element-ii/
6,Maximum SubArray Sum,Array,Classics,Medium,https://leetcode.com/problems/maximum-subarray/,https://leetcode.com/problems/maximum-subarray/
7,Flip Bits,Array,Classics,Medium++,https://www.interviewbit.com/problems/flip/,https://www.interviewbit.com/problems/flip/
8,Two sum II,Array,Two Pointers,Easy,https://leetcode.com/problems/two-sum-ii-input-array-is-sorted/,https://github.com/Dummy-Bug/DSA-PracticeHub/blob/master/Arrays/Two%20Pointers/01%20Two%20Sum%20II%20.md
9,Merge two sorted array,Array,Two Pointers,Easy,https://leetcode.com/problems/merge-sorted-array/,https://github.com/Dummy-Bug/DSA-PracticeHub/blob/master/Arrays/Two%20Pointers/02%20Merge%20two%20sorted%20Array.md
10,Max and Min,Array,Two Pointers,Medium,https://www.geeksforgeeks.org/smallest-subarray-containing-minimum-and-maximum-values/,https://www.geeksforgeeks.org/smallest-subarray-containing-minimum-and-maximum-values/
11,Squares of Sorted Array,Array,Two Pointers,Medium,https://leetcode.com/problems/squares-of-a-sorted-array/,https://leetcode.com/problems/squares-of-a-sorted-array/
12,Rotate array,Array,Two Pointers,Medium,https://leetcode.com/problems/rotate-array/,https://github.com/Dummy-Bug/DSA-PracticeHub/blob/master/Arrays/Two%20Pointers/03%20Rotate%20array.md
13,Container with most water,Array,Two Pointers,Medium,https://leetcode.com/problems/container-with-most-water/,https://github.com/Dummy-Bug/DSA-PracticeHub/blob/master/Arrays/Two%20Pointers/05%20Container%20with%20most%20water.md
14,Shortest unsorted continuous subarray,Array,Two Pointers,Medium++,https://leetcode.com/problems/shortest-unsorted-continuous-subarray/,https://github.com/Dummy-Bug/DSA-PracticeHub/blob/master/Arrays/Two%20Pointers/06%20Shortest%20Unsorted%20Continuous%20Subarray.md
15,Trapping rain water,Array,Two Pointers,Hard,https://leetcode.com/problems/trapping-rain-water/,https://github.com/Dummy-Bug/DSA-PracticeHub/blob/master/Arrays/Two%20Pointers/07%20Rain%20water%20trapped%20.md
16,Dutch national flag ,Array,Three Pointers,Medium,https://leetcode.com/problems/sort-colors/,https://github.com/Dummy-Bug/DSA-PracticeHub/blob/master/Arrays/Three%20Pointers/01%20Dutch%20national%20flag%20.md
17,Three sum,Array,Three Pointers,Medium,https://leetcode.com/problems/3sum/,https://github.com/Dummy-Bug/DSA-PracticeHub/blob/master/Arrays/Three%20Pointers/02%20Three%20Sum.md
18,Three sum closest,Array,Three Pointers,Medium,https://leetcode.com/problems/3sum-closest/description/,https://github.com/Dummy-Bug/DSA-PracticeHub/blob/master/Arrays/Three%20Pointers/03%20Three%20sum%20closest%20.md
19,Three sum smaller ,Array,Three Pointers,Medium++,https://practice.geeksforgeeks.org/problems/count-triplets-with-sum-smaller-than-x5549/1,https://github.com/Dummy-Bug/DSA-PracticeHub/blob/master/Arrays/Three%20Pointers/03%20Three%20sum%20smaller%20.md
20,Four sum ,Array,Three Pointers,Hard,https://leetcode.com/problems/4sum/,https://github.com/Dummy-Bug/DSA-PracticeHub/blob/master/Arrays/Three%20Pointers/05%20Four%20sum%20.md
21,Remove element,Array,Transformations,Easy,https://leetcode.com/problems/remove-element/description/,https://github.com/Dummy-Bug/DSA-PracticeHub/blob/master/Arrays/Array%20Transformation/01%20Remove%20element%20.md
22,Move zeroes,Array,Transformations,Easy,https://leetcode.com/problems/move-zeroes/description/,https://github.com/Dummy-Bug/DSA-PracticeHub/blob/master/Arrays/Array%20Transformation/02%20Move%20zeros%20.md
23,Apply array operations,Array,Transformations,Medium,https://leetcode.com/problems/apply-operations-to-an-array/description/,https://github.com/Dummy-Bug/DSA-PracticeHub/blob/master/Arrays/Array%20Transformation/03%20Apply%20array%20operations%20.md
24,Remove duplicates from sorted array,Array,Transformations,Medium++,https://leetcode.com/problems/remove-duplicates-from-sorted-array/description/,https://github.com/Dummy-Bug/DSA-PracticeHub/blob/master/Arrays/Array%20Transformation/04%20Remove%20duplicates%20from%20sorted%20array.md
25,Remove duplicates from sorted array II,Array,Transformations,Medium++,https://leetcode.com/problems/remove-duplicates-from-sorted-array-ii/description/,https://github.com/Dummy-Bug/DSA-PracticeHub/blob/master/Arrays/Array%20Transformation/05%20Remove%20duplicates%20from%20sorted%20array%20II.md
26,Maximum Number of swaps,Array,Fixed Window,Medium,https://practice.geeksforgeeks.org/problems/minimum-swaps-required-to-bring-all-elements-less-than-or-equal-to-k-together4847/1,https://practice.geeksforgeeks.org/problems/minimum-swaps-required-to-bring-all-elements-less-than-or-equal-to-k-together4847/1
27,Maximum Number of Vowels in a Substring of Given Length,Array,Fixed Window,Medium,https://leetcode.com/problems/maximum-number-of-vowels-in-a-substring-of-given-length/,https://github.com/Dummy-Bug/DSA-PracticeHub/tree/master/Dynamic%20Programming/0-1%20Knapsackk
28,Permutation in String,Array,Fixed Window,Medium,https://leetcode.com/problems/permutation-in-string/,https://github.com/Dummy-Bug/DSA-PracticeHub/blob/master/Dynamic%20Programming/Subsequence/07%20Wildcard%20matching%20.md
29,Minimum Number of Flips to Make the Binary String Alternating,Array,Fixed Window,Medium,https://leetcode.com/problems/minimum-number-of-flips-to-make-the-binary-string-alternating/,https://github.com/Dummy-Bug/DSA-PracticeHub/tree/master/Dynamic%20Programming/0-1%20Knapsack
30,Number of Sub-arrays of Size K and Average Greater than or Equal to Threshold,Array,Fixed Window,Medium,https://leetcode.com/problems/number-of-sub-arrays-of-size-k-and-average-greater-than-or-equal-to-threshold/,https://github.com/Dummy-Bug/DSA-PracticeHub/blob/master/Dynamic%20Programming/Subsequence/04%20Minimum%20Deletion%20.md
31,Longest Substring Without Repeating Characters,Array,Variable Window,Medium,https://leetcode.com/problems/longest-substring-without-repeating-characters/,https://github.com/Dummy-Bug/DSA-PracticeHub/blob/master/Dynamic%20Programming/Subsequence/04%20Minimum%20Deletion%20.md
32,Longest Repeating Character Replacement,Array,Variable Window,Medium,https://leetcode.com/problems/longest-repeating-character-replacement/,https://github.com/Dummy-Bug/DSA-PracticeHub/blob/master/Dynamic%20Programming/Subsequence/07%20Wildcard%20matching%20.md
33,Frequency of the Most Frequent Element,Array,Variable Window,Medium,https://leetcode.com/problems/frequency-of-the-most-frequent-element/,https://github.com/Dummy-Bug/DSA-PracticeHub/tree/master/Dynamic%20Programming/0-1%20Knapsack
34,Minimum Size Subarray Sum,Array,Variable Window,Medium,https://leetcode.com/problems/minimum-size-subarray-sum/,https://github.com/Dummy-Bug/DSA-PracticeHub/tree/master/Dynamic%20Programming/0-1%20Knapsack
35,Spiral Matrix,Matrix,Classics,Medium,https://leetcode.com/problems/spiral-matrix/,https://leetcode.com/problems/spiral-matrix/
36,Pascal's Triangle I,Matrix,Classics,Medium,https://leetcode.com/problems/pascals-triangle/,https://leetcode.com/problems/pascals-triangle/
37,Pascal's Triangle II,Matrix,Classics,Medium,https://leetcode.com/problems/pascals-triangle-ii/,https://leetcode.com/problems/pascals-triangle-ii/
38,Rotate Matrix,Matrix,Classics,Medium,https://leetcode.com/problems/rotate-image/description/,https://leetcode.com/problems/rotate-image/description/
39,Range Sum Queries,Matrix,Classics,Medium++,https://leetcode.com/problems/range-sum-query-2d-immutable/description/,https://leetcode.com/problems/range-sum-query-2d-immutable/description/
40,Set Matrix Zeroes,Matrix,Classics,Medium++,https://leetcode.com/problems/set-matrix-zeroes/,https://leetcode.com/problems/set-matrix-zeroes/
41,Sum of All subMatrices,Matrix,Classics,Hard,https://www.geeksforgeeks.org/sum-of-all-submatrices-of-a-given-matrix/,https://www.geeksforgeeks.org/sum-of-all-submatrices-of-a-given-matrix/
42,Sum of All Square SubMatrices,Matrix,Classics,Hard,https://www.interviewbit.com/problems/maximum-sum-square-submatrix/,https://www.interviewbit.com/problems/maximum-sum-square-submatrix/
43,Nth Fibonacci number using Recursion,Recursion,Classics,Easy,https://practice.geeksforgeeks.org/problems/nth-fibonacci-number1335/1,https://practice.geeksforgeeks.org/problems/nth-fibonacci-number1335/1?utm_source=gfg&utm_medium=article&utm_campaign=bottom_sticky_on_article
44,Factorial of a number using Recursion,Recursion,Classics,Easy,https://practice.geeksforgeeks.org/problems/factorial5739/1,https://practice.geeksforgeeks.org/problems/factorial5739/1?utm_source=gfg&utm_medium=article&utm_campaign=bottom_sticky_on_article
45,Power of x,Recursion,Classics,Medium,https://leetcode.com/problems/powx-n/description/,https://leetcode.com/problems/powx-n/description/
46,Tower of Hanoi,Recursion,Classics,Medium++,https://practice.geeksforgeeks.org/problems/tower-of-hanoi-1587115621/1,https://practice.geeksforgeeks.org/problems/tower-of-hanoi-1587115621/1?utm_source=gfg&utm_medium=article&utm_campaign=bottom_sticky_on_article
47,Kth symbol in grammar,Recursion,Classics,Medium++,https://leetcode.com/problems/k-th-symbol-in-grammar/,https://leetcode.com/problems/k-th-symbol-in-grammar/
48,Find Missing number ,Sorting,Cyclic Sort,Medium,https://leetcode.com/problems/missing-number/description/,https://github.com/Dummy-Bug/DSA-PracticeHub/blob/master/Arrays/Cyclic%20Sort/01%20Missing%20number%20.md
49,All Missing number,Sorting,Cyclic Sort,Medium,https://leetcode.com/problems/find-all-numbers-disappeared-in-an-array/,https://github.com/Dummy-Bug/DSA-PracticeHub/blob/master/Arrays/Cyclic%20Sort/02%20All%20missing%20numbers%20.md
50,Find the duplicate number,Sorting,Cyclic Sort,Medium,https://leetcode.com/problems/find-the-duplicate-number/description/,https://github.com/Dummy-Bug/DSA-PracticeHub/blob/master/Arrays/Cyclic%20Sort/03%20Find%20All%20the%20duplicates%20in%20Array.md
51,Find all the duplicates ,Sorting,Cyclic Sort,Medium,https://leetcode.com/problems/find-all-duplicates-in-an-array/description/,https://github.com/Dummy-Bug/DSA-PracticeHub/blob/master/Arrays/Cyclic%20Sort/04%20Find%20all%20duplicates%20in%20Array%20.md
52,First missing positive ,Sorting,Cyclic Sort,Medium ++,https://leetcode.com/problems/first-missing-positive/description/,https://github.com/Dummy-Bug/DSA-PracticeHub/blob/master/Arrays/Cyclic%20Sort/05%20First%20missing%20positive%20.md
53,Maximum Index,Sorting,Classics,Medium,https://practice.geeksforgeeks.org/problems/maximum-index3307/1,https://practice.geeksforgeeks.org/problems/maximum-index3307/1?utm_source=gfg&utm_medium=article&utm_campaign=bottom_sticky_on_article
54,Largest Number,Sorting,Classics,Medium,https://leetcode.com/problems/largest-number/,https://leetcode.com/problems/largest-number/
55,Count Inversions,Sorting,Classics,Hard,https://practice.geeksforgeeks.org/problems/inversion-of-array-1587115620/1,https://practice.geeksforgeeks.org/problems/inversion-of-array-1587115620/1?utm_source=gfg&utm_medium=article&utm_campaign=bottom_sticky_on_article
56,Reverse pairs,Sorting,Classics,Hard,https://leetcode.com/problems/reverse-pairs/,https://github.com/Dummy-Bug/DSA-PracticeHub/blob/master/Binary%20Search/Rotated%20Sorted%20Array/04%20Rotated%20sorted%20array%20IV.md
57,Kth Largest Number,Sorting,Top K pattern,Medium,https://leetcode.com/problems/kth-largest-element-in-an-array/,https://leetcode.com/problems/kth-largest-element-in-an-array/
58,Kth Smallest Number ,Sorting,Top K pattern,Medium,https://practice.geeksforgeeks.org/problems/kth-smallest-element5635/1,https://practice.geeksforgeeks.org/problems/kth-smallest-element5635/1
59,k closest point to origin,Sorting,Top K pattern,Medium,https://leetcode.com/problems/k-closest-points-to-origin/?envType=list&envId=o3xcv7i2,https://github.com/Dummy-Bug/DSA-PracticeHub/blob/master/Binary%20Search/Rotated%20Sorted%20Array/04%20Rotated%20sorted%20array%20IV.md
60,Minimum Cost to connect N sticks,Sorting,Top K pattern,Easy,https://practice.geeksforgeeks.org/problems/minimum-cost-of-ropes-1587115620/1,https://practice.geeksforgeeks.org/problems/minimum-cost-of-ropes-1587115620/1
61,Top k frequent elements,Sorting,Top K pattern,Medium,https://leetcode.com/problems/top-k-frequent-elements/,https://leetcode.com/problems/top-k-frequent-elements/
62,Unique Integers after K deletions,Sorting,Top K pattern,Medium,https://leetcode.com/problems/least-number-of-unique-integers-after-k-removals/,https://leetcode.com/problems/least-number-of-unique-integers-after-k-removals/
63,Two sum ,Hashmap,Pairs,Easy,https://leetcode.com/problems/two-sum/,https://github.com/Dummy-Bug/DSA-PracticeHub/blob/master/Binary%20Search/Rotated%20Sorted%20Array/04%20Rotated%20sorted%20array%20IV.md
64,Pair with given difference,Hashmap,Pairs,Easy,https://practice.geeksforgeeks.org/problems/find-pair-given-difference1559/1,https://practice.geeksforgeeks.org/problems/find-pair-given-difference1559/1?utm_source=gfg&utm_medium=article&utm_campaign=bottom_sticky_on_article
65,Find number of Pairs,Hashmap,Pairs,Medium,https://leetcode.com/problems/k-diff-pairs-in-an-array/,https://leetcode.com/problems/k-diff-pairs-in-an-array/
66,Find number of Bad Pairs,Hashmap,Pairs,Medium,https://leetcode.com/problems/count-number-of-bad-pairs/description/,https://leetcode.com/problems/count-number-of-bad-pairs/description/
67,Maximum number of Sum pairs,Hashmap,Pairs,Medium++,https://leetcode.com/problems/max-number-of-k-sum-pairs/description/,https://leetcode.com/problems/max-number-of-k-sum-pairs/description/
68,Longest Substring without Repeating chars,Hashmap,Two Pointers,Medium,https://leetcode.com/problems/longest-substring-without-repeating-characters/,https://leetcode.com/problems/longest-substring-without-repeating-characters/
69,Find All anagrams in String,Hashmap,Two Pointers,Medium,https://leetcode.com/problems/find-all-anagrams-in-a-string/,https://leetcode.com/problems/find-all-anagrams-in-a-string/
70,Longest K character unique SubString,Hashmap,Two Pointers,Medium++,https://practice.geeksforgeeks.org/problems/longest-k-unique-characters-substring0853/1,https://practice.geeksforgeeks.org/problems/longest-k-unique-characters-substring0853/1
71,Fruites into Basket,Hashmap,Two Pointers,Medium,https://leetcode.com/problems/fruit-into-baskets/,https://leetcode.com/problems/fruit-into-baskets/
72,Length of Contiuous SubArray,Hashmap,Two Pointers,Medium++,https://practice.geeksforgeeks.org/problems/sum-of-length3345/1,https://github.com/Dummy-Bug/Data-Structures-and-Algorithms/blob/master/05%20DSA%20PatternWise/01%20Sliding%20Window/10%20Sum%20of%20lengths%20.md
73,Find the Good SubArray,Hashmap,Two Pointers,Medium++,https://www.interviewbit.com/problems/subarrays-with-distinct-integers/,https://github.com/Dummy-Bug/Data-Structures-and-Algorithms/blob/master/05%20DSA%20PatternWise/01%20Sliding%20Window/11%20SubArrays%20with%20Distinct%20integers%20.md
74,Longest Repeating Character Replacement,Hashmap,Two Pointers,Hard,https://leetcode.com/problems/longest-repeating-character-replacement/,https://leetcode.com/problems/longest-repeating-character-replacement/
75,Anagram Palindrome ,Hashmap,Classics,Easy,https://practice.geeksforgeeks.org/problems/anagram-palindrome4720/1,https://practice.geeksforgeeks.org/problems/anagram-palindrome4720/1?utm_source=gfg&utm_medium=article&utm_campaign=bottom_sticky_on_article
76,Find SubArray with Sum Zero,Hashmap,Classics,Easy,https://practice.geeksforgeeks.org/problems/subarray-with-0-sum-1587115621/1,https://practice.geeksforgeeks.org/problems/subarray-with-0-sum-1587115621/1?utm_source=gfg&utm_medium=article&utm_campaign=bottom_sticky_on_article
77,Longest consecutive sequence,Hashmap,Classics,Medium,https://leetcode.com/problems/longest-consecutive-sequence/,https://github.com/Dummy-Bug/DSA-PracticeHub/blob/master/Binary%20Search/Rotated%20Sorted%20Array/04%20Rotated%20sorted%20array%20IV.md
78,Largest Subarray with Zero sum,Hashmap,Classics,Medium,https://practice.geeksforgeeks.org/problems/largest-subarray-with-0-sum/1,https://practice.geeksforgeeks.org/problems/largest-subarray-with-0-sum/1?utm_source=gfg&utm_medium=article&utm_campaign=bottom_sticky_on_article
79,Longest Consecutive Sequence,Hashmap,Classics,Medium++,https://leetcode.com/problems/longest-consecutive-sequence/,https://leetcode.com/problems/longest-consecutive-sequence/
80,Reverse a linked list I,Linked List,InPlace Reversal,Easy,https://leetcode.com/problems/reverse-linked-list/,https://github.com/Dummy-Bug/DSA-PracticeHub/blob/master/Linked%20List/InPlace%20Reversal/01%20Reverse%20a%20Linked%20List%20.md
81,Reverse a linked list II,Linked List,InPlace Reversal,Medium,https://leetcode.com/problems/reverse-linked-list-ii/description/,https://github.com/Dummy-Bug/DSA-PracticeHub/blob/master/Linked%20List/InPlace%20Reversal/02%20Reverse%20Linked%20List%20II.md
82,Even Reverse linked list,Linked List,InPlace Reversal,Medium,https://www.interviewbit.com/problems/even-reverse/,https://github.com/Dummy-Bug/DSA-PracticeHub/blob/master/Linked%20List/InPlace%20Reversal/03%20Even%20reversed%20list%20.md
83,Swap nodes in pairs,Linked List,InPlace Reversal,Medium++,https://leetcode.com/problems/swap-nodes-in-pairs/description/,https://github.com/Dummy-Bug/DSA-PracticeHub/blob/master/Linked%20List/InPlace%20Reversal/04%20Swap%20nodes%20in%20pairs%20.md
84,Reverse nodes in K groups ,Linked List,InPlace Reversal,Hard,https://leetcode.com/problems/reverse-nodes-in-k-group/description/,https://github.com/Dummy-Bug/DSA-PracticeHub/blob/master/Linked%20List/InPlace%20Reversal/05%20Reverse%20Nodes%20in%20K%20groups%20.md
85,Reverse alternate K nodes,Linked List,InPlace Reversal,Hard,https://www.interviewbit.com/problems/reverse-alternate-k-nodes/,https://github.com/Dummy-Bug/DSA-PracticeHub/blob/master/Linked%20List/InPlace%20Reversal/06%20Reverse%20alternate%20K%20nodes%20.md
86,Linked List cycle I,Linked List,Hare and Turtle,Easy,https://leetcode.com/problems/linked-list-cycle/,https://github.com/Dummy-Bug/DSA-PracticeHub/blob/master/Linked%20List/Hare%20&%20Tortoise/02%20Linked%20List%20cycle%20.md
87,Linked List cycle II,Linked List,Hare and Turtle,Medium,https://leetcode.com/problems/linked-list-cycle-ii/description/,https://github.com/Dummy-Bug/DSA-PracticeHub/blob/master/Linked%20List/Hare%20%26%20Tortoise/03%20Linked%20List%20Cycle%20II%20.md
88,Remove cycle in a Linked List,Linked List,Hare and Turtle,Medium,https://practice.geeksforgeeks.org/problems/remove-loop-in-linked-list/1,https://practice.geeksforgeeks.org/problems/remove-loop-in-linked-list/1?utm_source=geeksforgeeks&utm_medium=article_practice_tab&utm_campaign=article_practice_tab
89,Middle of Linked List,Linked List,Hare and Turtle,Easy,https://leetcode.com/problems/middle-of-the-linked-list/description/,https://github.com/Dummy-Bug/DSA-PracticeHub/blob/master/Linked%20List/Hare%20%26%20Tortoise/01%20Middle%20of%20Linked%20List.md
90,Delete Middle of Linked List,Linked List,Hare and Turtle,Medium,https://leetcode.com/problems/delete-the-middle-node-of-a-linked-list/description/,https://leetcode.com/problems/delete-the-middle-node-of-a-linked-list/description/
91,Palindrome Linked List,Linked List,Hare and Turtle,Medium,https://leetcode.com/problems/palindrome-linked-list/,https://github.com/Dummy-Bug/DSA-PracticeHub/blob/master/Linked%20List/Hare%20%26%20Tortoise/04%20Palindrome%20Linked%20List%20.md
92,Maximum Twin Sum of a Linked List,Linked List,Hare and Turtle,Medium,https://leetcode.com/problems/maximum-twin-sum-of-a-linked-list/,https://leetcode.com/problems/maximum-twin-sum-of-a-linked-list/
93,Reorder List ,Linked List,Hare and Turtle,Medium++,https://leetcode.com/problems/reorder-list/description/,https://github.com/Dummy-Bug/DSA-PracticeHub/blob/master/Linked%20List/Hare%20%26%20Tortoise/05%20Reorder%20list%20.md
94,Find the Duplicate Number,Linked List,Hare and Turtle,Medium,https://leetcode.com/problems/find-the-duplicate-number/,https://leetcode.com/problems/find-the-duplicate-number/https://leetcode.com/problems/find-the-duplicate-number/
95,Remove Nth node from end,Linked List,Hare and Turtle,Medium,https://leetcode.com/problems/remove-nth-node-from-end-of-list/,https://leetcode.com/problems/remove-nth-node-from-end-of-list/
96,Swapping Nodes in a Linked List,Linked List,Hare and Turtle,Medium,https://leetcode.com/problems/swapping-nodes-in-a-linked-list/,https://leetcode.com/problems/swapping-nodes-in-a-linked-list/
97,Merge two sorted Lists,Linked List,Two Pointers,Easy,https://leetcode.com/problems/merge-two-sorted-lists/,https://leetcode.com/problems/merge-two-sorted-lists/
98,Intersection of linked list,Linked List,Two Pointers,Easy,https://leetcode.com/problems/intersection-of-two-linked-lists/,https://leetcode.com/problems/intersection-of-two-linked-lists/
99,Remove Duplicates I,Linked List,Two Pointers,Easy,https://leetcode.com/problems/remove-duplicates-from-sorted-list/,https://leetcode.com/problems/remove-duplicates-from-sorted-list/
100,Remove Duplicates II,Linked List,Two Pointers,Medium,https://leetcode.com/problems/remove-duplicates-from-sorted-list-ii/,https://leetcode.com/problems/remove-duplicates-from-sorted-list-ii/
101,Merge Nodes in between Zeros,Linked List,Two Pointers,Medium,https://leetcode.com/problems/merge-nodes-in-between-zeros/description/,https://leetcode.com/problems/merge-nodes-in-between-zeros/description/
102,Add twoNumbers I,Linked List,Classics,Easy,https://leetcode.com/problems/add-two-numbers/description/,https://leetcode.com/problems/add-two-numbers/description/
103,Add twoNumbers II,Linked List,Classics,Medium,https://leetcode.com/problems/add-two-numbers-ii/,https://leetcode.com/problems/add-two-numbers-ii/
104,Odd Even Linked List,Linked List,Classics,Medium,https://leetcode.com/problems/odd-even-linked-list/,https://leetcode.com/problems/odd-even-linked-list/
105,Copy list with Random Pointers,Linked List,Classics,Medium,https://leetcode.com/problems/copy-list-with-random-pointer/,https://leetcode.com/problems/copy-list-with-random-pointer/
106,Partition List,Linked List,Classics,Medium,https://leetcode.com/problems/partition-list/,https://leetcode.com/problems/partition-list/
107,Rotate List,Linked List,Classics,Medium,https://leetcode.com/problems/rotate-list/,https://leetcode.com/problems/rotate-list/
108,Insertion Sort List,Linked List,Sorting,Medium++,https://leetcode.com/problems/insertion-sort-list/,https://leetcode.com/problems/insertion-sort-list/
109,Sort List,Linked List,Sorting,Medium++,https://leetcode.com/problems/sort-list/,https://leetcode.com/problems/sort-list/
110,Merge k Sorted Lists,Linked List,Sorting,Hard,https://leetcode.com/problems/merge-k-sorted-lists/,https://leetcode.com/problems/merge-k-sorted-lists/
111,Design Linked List,Linked List,Design,Medium,https://leetcode.com/problems/design-linked-list/,https://leetcode.com/problems/design-linked-list/
112,Design Browser History,Linked List,Design,Medium,https://leetcode.com/problems/design-browser-history/,https://leetcode.com/problems/design-browser-history/
113,LRU Cache,Linked List,Design,Medium,https://leetcode.com/problems/lru-cache/,https://leetcode.com/problems/lru-cache/
114,LFU Cache,Linked List,Design,Hard,https://leetcode.com/problems/lfu-cache/,https://leetcode.com/problems/lfu-cache/
115,Sorted Insert position,Binary Search,Classics,Easy,https://leetcode.com/problems/search-insert-position/description/,https://github.com/Dummy-Bug/DSA-PracticeHub/blob/master/Binary%20Search/01%20Search%20Index%20in%20sorted%20array.md
116,Find First and Last Position,Binary Search,Classics,Medium,https://leetcode.com/problems/find-first-and-last-position-of-element-in-sorted-array/,https://leetcode.com/problems/find-first-and-last-position-of-element-in-sorted-array/
117,Number of Occurrence,Binary Search,Classics,Medium,https://practice.geeksforgeeks.org/problems/number-of-occurrence2259/1,https://github.com/Dummy-Bug/DSA-PracticeHub/blob/master/Binary%20Search/02%20Number%20of%20Occurrence%20.md
118,Find peak in element,Binary Search,Classics,Medium,https://leetcode.com/problems/find-peak-element/,https://github.com/Dummy-Bug/DSA-PracticeHub/blob/master/Binary%20Search/03%20Find%20peak%20element%20in%20sorted%20array%20.md
119,Search in Bitonic Array,Binary Search,Classics,Medium++,https://www.interviewbit.com/problems/search-in-bitonic-array/,https://github.com/Dummy-Bug/DSA-PracticeHub/blob/master/Binary%20Search/04%20Search%20in%20Bitonic%20array%20.md
120,Single Element in Array,Binary Search,Classics,Medium++,https://leetcode.com/problems/single-element-in-a-sorted-array/,https://leetcode.com/problems/single-element-in-a-sorted-array/
121,Rotated sorted Array I,Binary Search,Rotated Search,Medium,https://leetcode.com/problems/search-in-rotated-sorted-array/description/,https://github.com/Dummy-Bug/DSA-PracticeHub/blob/master/Binary%20Search/Rotated%20Sorted%20Array/01%20Rotated%20sorted%20Array%20.md
122,Rotated sorted Array II,Binary Search,Rotated Search,Medium++,https://leetcode.com/problems/search-in-rotated-sorted-array-ii/,https://github.com/Dummy-Bug/DSA-PracticeHub/blob/master/Binary%20Search/Rotated%20Sorted%20Array/02%20Sorted%20rotated%20array%20.md
123,Rotated sorted Array III,Binary Search,Rotated Search,Medium,https://leetcode.com/problems/find-minimum-in-rotated-sorted-array/description/,https://github.com/Dummy-Bug/DSA-PracticeHub/blob/master/Binary%20Search/Rotated%20Sorted%20Array/03%20Rotated%20sorted%20array%20.md
124,Rotated sorted Array IV,Binary Search,Rotated Search,Medium++,https://leetcode.com/problems/find-minimum-in-rotated-sorted-array-ii/description/,https://github.com/Dummy-Bug/DSA-PracticeHub/blob/master/Binary%20Search/Rotated%20Sorted%20Array/04%20Rotated%20sorted%20array%20IV.md
125,Find Peak in Matrix,Binary Search,Matrix BS,Medium,https://www.geeksforgeeks.org/find-peak-element-2d-array/,https://www.geeksforgeeks.org/find-peak-element-2d-array/
126,Matrix Search I,Binary Search,Matrix BS,Mediuum,https://leetcode.com/problems/search-a-2d-matrix/,https://github.com/Dummy-Bug/DSA-PracticeHub/blob/master/Binary%20Search/Rotated%20Sorted%20Array/04%20Rotated%20sorted%20array%20IV.md
127,Matrix Search II,Binary Search,Matrix BS,Medium,https://practice.geeksforgeeks.org/problems/search-in-a-matrix-1587115621/1,https://practice.geeksforgeeks.org/problems/search-in-a-matrix-1587115621/1?utm_source=gfg&utm_medium=article&utm_campaign=bottom_sticky_on_article
128,Matrix Median,Binary Search,Matrix BS,Medium++,https://www.interviewbit.com/problems/matrix-median/,https://github.com/Dummy-Bug/DSA-PracticeHub/blob/master/Binary%20Search/Rotated%20Sorted%20Array/04%20Rotated%20sorted%20array%20IV.md
129,Square root of a number,Binary Search,BS on Range,Medium,https://leetcode.com/problems/sqrtx/,https://leetcode.com/problems/sqrtx/
130,Painter Partition Problem,Binary Search,BS on Range,Medium++,https://practice.geeksforgeeks.org/problems/the-painters-partition-problem1535/1,https://practice.geeksforgeeks.org/problems/the-painters-partition-problem1535/1
131,Allocate Books,Binary Search,BS on Range,Medium++,https://www.interviewbit.com/problems/allocate-books/,https://www.interviewbit.com/problems/allocate-books/
132,Aggressive Cows ,Binary Search,BS on Range,medium++,https://practice.geeksforgeeks.org/problems/aggressive-cows/0,https://practice.geeksforgeeks.org/problems/aggressive-cows/0
133,Koko eating Banana,Binary Search,BS on Range,Medium,https://leetcode.com/problems/koko-eating-bananas/,https://leetcode.com/problems/koko-eating-bananas/
134,Make M Bouquets,Binary Search,BS on Range,Medium,https://leetcode.com/problems/minimum-number-of-days-to-make-m-bouquets/,https://leetcode.com/problems/minimum-number-of-days-to-make-m-bouquets/
135,Capacity to Ship Packages,Binary Search,BS on Range,Medium,https://leetcode.com/problems/capacity-to-ship-packages-within-d-days/,https://leetcode.com/problems/capacity-to-ship-packages-within-d-days/
136,Split Array largest Sum,Binary Search,BS on Range,Medium++,https://leetcode.com/problems/split-array-largest-sum/,https://leetcode.com/problems/split-array-largest-sum/
137,Minimize max distance to Gas Station,Binary Search,BS on Range,Medium++,https://practice.geeksforgeeks.org/problems/minimize-max-distance-to-gas-station/1,https://practice.geeksforgeeks.org/problems/minimize-max-distance-to-gas-station/1
138,Median of two Arrays ,Binary Search,BS on Range,Hard,https://leetcode.com/problems/median-of-two-sorted-arrays/,https://github.com/Dummy-Bug/DSA-PracticeHub/blob/master/Binary%20Search/Rotated%20Sorted%20Array/04%20Rotated%20sorted%20array%20IV.md
139,kth element in two sorted arrays,Binary Search,BS on Range,Hard,https://practice.geeksforgeeks.org/problems/k-th-element-of-two-sorted-array1317/1,https://practice.geeksforgeeks.org/problems/k-th-element-of-two-sorted-array1317/1?utm_source=youtube&utm_medium=collab_striver_ytdescription&utm_campaign=k-th-element-of-two-sorted-array
140,Find Nearest Smaller on the Left,Stack,Monotonic Stack,Easy,https://practice.geeksforgeeks.org/problems/smallest-number-on-left3403/1,https://practice.geeksforgeeks.org/problems/smallest-number-on-left3403/1?utm_source=gfg&utm_medium=article&utm_campaign=bottom_sticky_on_article
141,Find Nearest Greater on the Right,Stack,Monotonic Stack,Medium,https://practice.geeksforgeeks.org/problems/next-larger-element-1587115620/1,https://practice.geeksforgeeks.org/problems/next-larger-element-1587115620/1?utm_source=gfg&utm_medium=article&utm_campaign=bottom_sticky_on_article
142,Daily Temperatures,Stack,Monotonic Stack,Medium,https://leetcode.com/problems/daily-temperatures/,https://leetcode.com/problems/daily-temperatures/
143,Find Nearest Greater on the Right II,Stack,Monotonic Stack,Medium++,https://leetcode.com/problems/next-greater-element-ii/,https://leetcode.com/problems/next-greater-element-ii/
144,Asteroid Collision,Stack,Monotonic Stack,Medium++,https://leetcode.com/problems/asteroid-collision/description/,https://leetcode.com/problems/asteroid-collision/description/
145,Online Stock Problem,Stack,Monotonic Stack,Medium,https://leetcode.com/problems/online-stock-span/,https://leetcode.com/problems/online-stock-span/
146,Trapping rain water,Stack,Monotonic Stack,Medium++,https://leetcode.com/problems/trapping-rain-water/,https://leetcode.com/problems/trapping-rain-water/
147,Sum of SubArray Minimums,Stack,Monotonic Stack,Medium++,https://leetcode.com/problems/sum-of-subarray-minimums/,https://leetcode.com/problems/sum-of-subarray-minimums/
148,Sum of SubArray Ranges,Stack,Monotonic Stack,Medium++,https://leetcode.com/problems/sum-of-subarray-ranges/description/,https://leetcode.com/problems/sum-of-subarray-ranges/description/
149,Largest Rectangle in Histogram,Stack,Monotonic Stack,Medium++,https://leetcode.com/problems/largest-rectangle-in-histogram/,https://leetcode.com/problems/largest-rectangle-in-histogram/
150,Maximal Rectangle,Stack,Monotonic Stack,Hard,https://leetcode.com/problems/maximal-rectangle/,https://leetcode.com/problems/maximal-rectangle/
151,Valid parenthesis,Stack,Classics,Easy,https://leetcode.com/problems/valid-parentheses/,https://github.com/Dummy-Bug/DSA-PracticeHub/blob/master/Binary%20Search/Rotated%20Sorted%20Array/04%20Rotated%20sorted%20array%20IV.md
152,Evaluate Reverse Polish Notations,Stack,Classics,Medium,https://leetcode.com/problems/evaluate-reverse-polish-notation/,https://leetcode.com/problems/evaluate-reverse-polish-notation/
153,Remove Ajacent Duplicates I,Stack,Classics,Easy,https://leetcode.com/problems/remove-all-adjacent-duplicates-in-string/,https://leetcode.com/problems/remove-all-adjacent-duplicates-in-string/
154,Remove Adjacent Duplicates II,Stack,Classics,Medium,https://leetcode.com/problems/remove-all-adjacent-duplicates-in-string-ii/,https://leetcode.com/problems/remove-all-adjacent-duplicates-in-string-ii/
155,Redundant Braces,Stack,Classics,Medium,https://www.interviewbit.com/problems/redundant-braces/,https://www.interviewbit.com/problems/redundant-braces/
156,Infix to Postfix,Stack,Conversions,Medium,https://practice.geeksforgeeks.org/problems/infix-to-postfix-1587115620/1,https://practice.geeksforgeeks.org/problems/infix-to-postfix-1587115620/1
157,Postfix to Infix,Stack,Conversions,Medium,https://practice.geeksforgeeks.org/problems/postfix-to-infix-conversion/1,https://practice.geeksforgeeks.org/problems/postfix-to-infix-conversion/1?utm_source=youtube&utm_medium=collab_striver_ytdescription&utm_campaign=postfix-to-prefix-conversion
158,Infix to Prefix,Stack,Conversions,Medium,https://www.geeksforgeeks.org/convert-infix-prefix-notation/,https://www.geeksforgeeks.org/convert-infix-prefix-notation/
159,Prefix to Infix,Stack,Conversions,Medium,https://practice.geeksforgeeks.org/problems/prefix-to-infix-conversion/1,https://practice.geeksforgeeks.org/problems/prefix-to-infix-conversion/1?utm_source=youtube&utm_medium=collab_striver_ytdescription&utm_campaign=prefix-to-infix-conversion
160,Prefix to Postfix,Stack,Conversions,Medium,https://practice.geeksforgeeks.org/problems/prefix-to-postfix-conversion/1,https://practice.geeksforgeeks.org/problems/prefix-to-postfix-conversion/1
161,Postfix to Prefix,Stack,Conversions,Medium,https://practice.geeksforgeeks.org/problems/postfix-to-prefix-conversion/1?page=1&sortBy=accuracy,https://practice.geeksforgeeks.org/problems/postfix-to-prefix-conversion/1?utm_source=youtube&utm_medium=collab_striver_ytdescription&utm_campaign=postfix-to-prefix-conversion
162,Implement Stack using Queue,Stack,Design,Easy,https://leetcode.com/problems/implement-stack-using-queues/,https://leetcode.com/problems/implement-stack-using-queues/
163,Implement Queue using Stack,Stack,Design,Easy,https://leetcode.com/problems/implement-queue-using-stacks/,https://leetcode.com/problems/implement-queue-using-stacks/
164,MinStack,Stack,Design,Medium,https://leetcode.com/problems/min-stack/,https://leetcode.com/problems/min-stack/
165,Celebrity Problem,Stack,Design,Medium,https://practice.geeksforgeeks.org/problems/the-celebrity-problem/1,https://practice.geeksforgeeks.org/problems/the-celebrity-problem/1?utm_source=youtube&utm_medium=collab_striver_ytdescription&utm_campaign=the-celebrity-problem
166,LRU Cache,Stack,Design,Medium++,https://leetcode.com/problems/lru-cache/,https://leetcode.com/problems/lru-cache/
167,Maximum Frequency Stack,Stack,Design,Hard,https://leetcode.com/problems/maximum-frequency-stack/,https://leetcode.com/problems/maximum-frequency-stack/
168,LFU Cache,Stack,Design,Hard,https://leetcode.com/problems/lfu-cache/,https://leetcode.com/problems/lfu-cache/
169,Design a Circular Queue,Queues,Classics,Medium,https://leetcode.com/problems/design-circular-queue/description/,https://leetcode.com/problems/design-circular-queue/description/
170,First Non Repeating Char,Queues,Classics,Medium,https://practice.geeksforgeeks.org/problems/first-non-repeating-character-in-a-stream1216/1,https://practice.geeksforgeeks.org/problems/first-non-repeating-character-in-a-stream1216/1
171,Sliding Window Maximum ,Queues,Classics,Medium++,https://leetcode.com/problems/sliding-window-maximum/,https://leetcode.com/problems/sliding-window-maximum/
172,Sum of Maximum and Minimum,Queues,Classics,Hard,https://www.geeksforgeeks.org/sum-minimum-maximum-elements-subarrays-size-k/,https://www.geeksforgeeks.org/sum-minimum-maximum-elements-subarrays-size-k/
173,First non repeating character ,Queues,Classics,Medium,https://www.interviewbit.com/problems/first-non-repeating-character-in-a-stream-of-characters/,https://github.com/Dummy-Bug/DSA-PracticeHub/blob/master/Binary%20Search/Rotated%20Sorted%20Array/04%20Rotated%20sorted%20array%20IV.md
174,Subsets,Backtracking,Combinations,Medium,https://leetcode.com/problems/subsets/,https://github.com/Dummy-Bug/DSA-PracticeHub/blob/master/Binary%20Search/Rotated%20Sorted%20Array/04%20Rotated%20sorted%20array%20IV.md
175,Subsets II,Backtracking,Combinations,Medium,https://leetcode.com/problems/subsets-ii/,https://leetcode.com/problems/subsets-ii/
176,Combination Sum,Backtracking,Combinations,Medium,https://leetcode.com/problems/combination-sum/,https://leetcode.com/problems/combination-sum/
177,Combination Sum II,Backtracking,Combinations,Medium,https://leetcode.com/problems/combination-sum-ii/,https://leetcode.com/problems/combination-sum-ii/
178,Combinations ,Backtracking,Combinations,Medium,https://leetcode.com/problems/combinations/,https://leetcode.com/problems/combinations/
179,Combinaition Sum III,Backtracking,Combinations,Medium++,https://leetcode.com/problems/combination-sum-iii/,https://leetcode.com/problems/combination-sum-iii/?envType=list&envId=94tisna2
180,Letter Combinations,Backtracking,Combinations,Medium,https://leetcode.com/problems/letter-combinations-of-a-phone-number/,https://leetcode.com/problems/letter-combinations-of-a-phone-number/
181,Permutations,Backtracking,Permutations,Medium++,https://leetcode.com/problems/permutations/,https://leetcode.com/problems/permutations/
182,Permutations II,Backtracking,Permutations,Hard,https://leetcode.com/problems/permutations-ii/,https://leetcode.com/problems/permutations-ii/
183,Permutations III,Backtracking,Permutations,Medium++,https://leetcode.com/problems/letter-case-permutation/,https://leetcode.com/problems/letter-case-permutation/
184,Permutations IV,Backtracking,Permutations,Hard,https://leetcode.com/problems/permutation-sequence/,https://leetcode.com/problems/permutation-sequence/
185,M coloring Problem,Backtracking,Classics,Medium,https://practice.geeksforgeeks.org/problems/m-coloring-problem-1587115620/1,https://practice.geeksforgeeks.org/problems/m-coloring-problem-1587115620/1#
186,Palindrome Partitioning,Backtracking,Classics,Medium,https://leetcode.com/problems/palindrome-partitioning/description/,https://leetcode.com/problems/palindrome-partitioning/description/
187,Generate Parenthesis,Backtracking,Classics,Medium++,https://leetcode.com/problems/generate-parentheses/,https://leetcode.com/problems/generate-parentheses/
188,Remove Invalid Parenthesis,Backtracking,Classics,Hard,https://leetcode.com/problems/remove-invalid-parentheses/description/,https://leetcode.com/problems/remove-invalid-parentheses/description/
189,Expression Add operators,Backtracking,Classics,Hard,https://leetcode.com/problems/expression-add-operators/,https://leetcode.com/problems/expression-add-operators/
190,Word Search,Backtracking,Word Play,Medium,https://leetcode.com/problems/word-search/,https://leetcode.com/problems/word-search/
191,Word Break,Backtracking,Word Play,Medium,https://leetcode.com/problems/word-break/,https://leetcode.com/problems/word-break/
192,Maximum Score Words,Backtracking,Word Play,Hard,https://leetcode.com/problems/maximum-score-words-formed-by-letters/,https://leetcode.com/problems/maximum-score-words-formed-by-letters/
193,Rat in a Maze,Backtracking,Game Play,Medium,https://practice.geeksforgeeks.org/problems/rat-in-a-maze-problem/1,https://practice.geeksforgeeks.org/problems/rat-in-a-maze-problem/1
194,Valid Sudoku,Backtracking,Game Play,Medium,https://leetcode.com/problems/valid-sudoku/,https://leetcode.com/problems/valid-sudoku/
195,Sudoku Solver,Backtracking,Game Play,Medium++,https://leetcode.com/problems/sudoku-solver/,https://leetcode.com/problems/sudoku-solver/
196,N queens ,Backtracking,Game Play,Medium++,https://leetcode.com/problems/letter-case-permutation/,https://github.com/Dummy-Bug/DSA-PracticeHub/blob/master/Binary%20Search/Rotated%20Sorted%20Array/04%20Rotated%20sorted%20array%20IV.md
197,PreOrder Traversal ,Trees,Traversals,Easy,https://leetcode.com/problems/binary-tree-preorder-traversal/,https://leetcode.com/problems/binary-tree-preorder-traversal/
198,InOrder Traversal ,Trees,Traversals,Easy,https://leetcode.com/problems/binary-tree-inorder-traversal/,https://leetcode.com/problems/binary-tree-inorder-traversal/
199,PostOrder Traversal,Trees,Traversals,Easy,https://leetcode.com/problems/binary-tree-postorder-traversal/,https://leetcode.com/problems/binary-tree-postorder-traversal/
200,Level order traversal ,Trees,BFS,Easy,https://leetcode.com/problems/binary-tree-level-order-traversal/,https://github.com/Dummy-Bug/DSA-PracticeHub/blob/master/Binary%20Search/Rotated%20Sorted%20Array/04%20Rotated%20sorted%20array%20IV.md
201,Reverse Level Order Traversal,Trees,BFS,Easy,https://leetcode.com/problems/binary-tree-level-order-traversal-ii/,https://leetcode.com/problems/binary-tree-level-order-traversal-ii/
202,Level Average ,Trees,BFS,Easy,https://leetcode.com/problems/average-of-levels-in-binary-tree/,https://leetcode.com/problems/average-of-levels-in-binary-tree/
203,Maximum Level Sum ,Trees,BFS,Easy,https://leetcode.com/problems/maximum-level-sum-of-a-binary-tree/,https://leetcode.com/problems/maximum-level-sum-of-a-binary-tree/
204,Minimum Depth of Binary Tree,Trees,BFS,Easy,https://leetcode.com/problems/minimum-depth-of-binary-tree/,https://leetcode.com/problems/minimum-depth-of-binary-tree/
205,Maximum Depth of Tree,Trees,BFS,Easy,https://leetcode.com/problems/maximum-depth-of-binary-tree/,https://leetcode.com/problems/maximum-depth-of-binary-tree/
206,Find Largest Value in each Row,Trees,BFS,Medium,https://leetcode.com/problems/find-largest-value-in-each-tree-row/,https://leetcode.com/problems/find-largest-value-in-each-tree-row/
207,Maximum width of BT,Trees,BFS,Medium,https://leetcode.com/problems/maximum-width-of-binary-tree/,https://leetcode.com/problems/maximum-width-of-binary-tree/
208,ZigZag Travsersal,Trees,BFS,Medium,https://leetcode.com/problems/binary-tree-zigzag-level-order-traversal/,https://leetcode.com/problems/binary-tree-zigzag-level-order-traversal/
209,Populate Next Right Pointer,Trees,BFS,Medium++,https://leetcode.com/problems/populating-next-right-pointers-in-each-node/,https://leetcode.com/problems/populating-next-right-pointers-in-each-node/
210,Maximum Depth of Tree,Trees,Depth Finding,Easy,https://leetcode.com/problems/maximum-depth-of-binary-tree/,https://leetcode.com/problems/maximum-depth-of-binary-tree/
211,Minimum Depth of Binary Tree,Trees,Depth Finding,Easy,https://leetcode.com/problems/minimum-depth-of-binary-tree/,https://leetcode.com/problems/minimum-depth-of-binary-tree/
212,Minimum absolute different in BST,Trees,Depth Finding,Easy,https://leetcode.com/problems/minimum-absolute-difference-in-bst/,https://leetcode.com/problems/minimum-absolute-difference-in-bst/
213,Maximum depth of BT,Trees,Depth Finding,Easy,https://leetcode.com/problems/maximum-depth-of-n-ary-tree/,https://leetcode.com/problems/maximum-depth-of-n-ary-tree/
214,Left View of Binary Tree,Trees,Tree Views,Easy,https://practice.geeksforgeeks.org/problems/left-view-of-binary-tree/1,https://practice.geeksforgeeks.org/problems/left-view-of-binary-tree/1
215,Right view of Binary Tree,Trees,Tree Views,Medium,https://leetcode.com/problems/binary-tree-right-side-view/,https://github.com/Dummy-Bug/DSA-PracticeHub/blob/master/Binary%20Search/Rotated%20Sorted%20Array/04%20Rotated%20sorted%20array%20IV.md
216,Vertical Order Traversal ,Trees,Tree Views,Medium++,https://leetcode.com/problems/vertical-order-traversal-of-a-binary-tree/,https://leetcode.com/problems/vertical-order-traversal-of-a-binary-tree/
217,Top View of Binary Tree,Trees,Tree Views,Medium++,https://practice.geeksforgeeks.org/problems/top-view-of-binary-tree/1,https://practice.geeksforgeeks.org/problems/top-view-of-binary-tree/1
218,Bottom View of Binary Tree,Trees,Tree Views,Medium++,https://practice.geeksforgeeks.org/problems/top-view-of-binary-tree/1,https://practice.geeksforgeeks.org/problems/top-view-of-binary-tree/1
219,Same Trees,Trees,Two Trees,Easy, https://leetcode.com/problems/same-tree/,https://leetcode.com/problems/same-tree/
220,Symmetric Trees,Trees,Two Trees,Easy,https://leetcode.com/problems/symmetric-tree/,https://leetcode.com/problems/symmetric-tree/
221,Merge two binary trees,Trees,Two Trees,Medium,https://leetcode.com/problems/merge-two-binary-trees/,https://github.com/Dummy-Bug/DSA-PracticeHub/blob/master/Binary%20Search/Rotated%20Sorted%20Array/04%20Rotated%20sorted%20array%20IV.md
222,Binary Tree paths,Trees,DFS,Easy,https://leetcode.com/problems/binary-tree-paths/,https://leetcode.com/problems/binary-tree-paths/
223,Sum to Root to Leaf,Trees,DFS,Medium,https://leetcode.com/problems/sum-root-to-leaf-numbers/,https://leetcode.com/problems/sum-root-to-leaf-numbers/
224,Smallest String from leaf,Trees,DFS,Medium,https://leetcode.com/problems/smallest-string-starting-from-leaf/,https://leetcode.com/problems/smallest-string-starting-from-leaf/
225,Pseudo Palindromic,Trees,DFS,Medium++,https://leetcode.com/problems/pseudo-palindromic-paths-in-a-binary-tree/,https://leetcode.com/problems/pseudo-palindromic-paths-in-a-binary-tree/
226,Path sum ,Trees,Path Sum,Easy,https://leetcode.com/problems/path-sum/,https://github.com/Dummy-Bug/DSA-PracticeHub/blob/master/Binary%20Search/Rotated%20Sorted%20Array/04%20Rotated%20sorted%20array%20IV.md
227,Path sum II,Trees,Path Sum,Medium,https://leetcode.com/problems/path-sum-ii/,https://leetcode.com/problems/path-sum-ii/
228,Path Sum III,Trees,Path Sum,Medium++,https://leetcode.com/problems/path-sum-iii/description/,https://leetcode.com/problems/path-sum-iii/description/
229,Path Sum IV,Trees,Path Sum,Hard,https://leetcode.com/problems/binary-tree-maximum-path-sum/,https://leetcode.com/problems/binary-tree-maximum-path-sum/
230,Range sum of BST,Trees,Classics,Easy,https://leetcode.com/problems/range-sum-of-bst/,https://leetcode.com/problems/range-sum-of-bst/
231,Two Sum BST,Trees,Classics,Easy,https://leetcode.com/problems/two-sum-iv-input-is-a-bst/,https://leetcode.com/problems/two-sum-iv-input-is-a-bst/
232,Deepest Leaves,Trees,Classics,Medium,https://leetcode.com/problems/deepest-leaves-sum/,https://leetcode.com/problems/deepest-leaves-sum/
233,Validate BST,Trees,Classics,Medium,https://leetcode.com/problems/validate-binary-search-tree/,https://leetcode.com/problems/validate-binary-search-tree/
234,Delete Leaves with given Value,Trees,Classics,Medium,https://leetcode.com/problems/delete-leaves-with-a-given-value/,https://leetcode.com/problems/delete-leaves-with-a-given-value/
235,Diameter of Binary Tree,Trees,Classics,Medium,https://leetcode.com/problems/validate-binary-search-tree/,https://leetcode.com/problems/validate-binary-search-tree/
236,Kth smallest element in Tree,Trees,Classics,Medium,https://leetcode.com/problems/kth-smallest-element-in-a-bst/,https://leetcode.com/problems/kth-smallest-element-in-a-bst/
237,Nodes at distance k,Trees,Classics,Medium++,https://leetcode.com/problems/all-nodes-distance-k-in-binary-tree/,https://leetcode.com/problems/all-nodes-distance-k-in-binary-tree/
238,LCA of BST,Trees,Ancestors,Medium,https://leetcode.com/problems/lowest-common-ancestor-of-a-binary-search-tree/,https://leetcode.com/problems/lowest-common-ancestor-of-a-binary-tree/
239,LCA of BT,Trees,Ancestors,Medium,https://leetcode.com/problems/lowest-common-ancestor-of-a-binary-tree/,https://leetcode.com/problems/lowest-common-ancestor-of-a-binary-search-tree/
240,Max difference between nodes,Trees,Ancestors,Medium++,https://leetcode.com/problems/maximum-difference-between-node-and-ancestor/,https://leetcode.com/problems/maximum-difference-between-node-and-ancestor/
241,LCA of Deepest Leaves,Trees,Ancestors,Medium++,https://leetcode.com/problems/lowest-common-ancestor-of-deepest-leaves/,https://leetcode.com/problems/lowest-common-ancestor-of-deepest-leaves/
242,Kth Ancestor of a Tree,Trees,Ancestors,Hard,https://leetcode.com/problems/kth-ancestor-of-a-tree-node/,https://leetcode.com/problems/kth-ancestor-of-a-tree-node/
243,Convert sorted array to BST,Trees,Tree Construction,Easy,https://leetcode.com/problems/convert-sorted-array-to-binary-search-tree/,https://github.com/Dummy-Bug/DSA-PracticeHub/blob/master/Binary%20Search/Rotated%20Sorted%20Array/04%20Rotated%20sorted%20array%20IV.md
244,Construct BST from PreOrder,Trees,Tree Construction,Medium,https://leetcode.com/problems/construct-binary-search-tree-from-preorder-traversal/,https://leetcode.com/problems/construct-binary-search-tree-from-preorder-traversal/
245,Convert sorted list to BST,Trees,Tree Construction,Medium,https://leetcode.com/problems/convert-sorted-list-to-binary-search-tree/,https://leetcode.com/problems/convert-sorted-list-to-binary-search-tree/
246,Construct Binary Tree from Preorder and Inorder,Trees,Tree Construction,Medium++,https://leetcode.com/problems/construct-binary-tree-from-preorder-and-inorder-traversal/,https://leetcode.com/problems/construct-binary-tree-from-preorder-and-inorder-traversal/
247,Construct Binary Tree from PostOrder and Inorder,Trees,Tree Construction,Medium++,https://leetcode.com/problems/construct-binary-tree-from-inorder-and-postorder-traversal/,https://leetcode.com/problems/construct-binary-tree-from-inorder-and-postorder-traversal/
248,Verify Preorder Serialization of BT,Trees,Serialize and Deserialize,Medium++,https://leetcode.com/problems/verify-preorder-serialization-of-a-binary-tree/,https://leetcode.com/problems/verify-preorder-serialization-of-a-binary-tree/
249,Serialize and Deserialize a BST,Trees,Serialize and Deserialize,Medium++,https://leetcode.com/problems/serialize-and-deserialize-bst/,https://leetcode.com/problems/serialize-and-deserialize-bst/
250,Serialize and Deserialize a BT,Trees,Serialize and Deserialize,Hard,https://leetcode.com/problems/serialize-and-deserialize-binary-tree/,https://leetcode.com/problems/serialize-and-deserialize-binary-tree/
251,Last stone weight,Heap,Classics,Easy,https://leetcode.com/problems/last-stone-weight/,https://leetcode.com/problems/last-stone-weight/
252,Kth Smallest Number in Matrix,Heap,Classics,Medium,https://leetcode.com/problems/kth-smallest-element-in-a-sorted-matrix/,https://leetcode.com/problems/kth-smallest-element-in-a-sorted-matrix/
253,Kth Largest Number,Heap,Classics,Medium,https://leetcode.com/problems/kth-largest-element-in-an-array/,https://leetcode.com/problems/kth-largest-element-in-an-array/
254,Convert MinHeap to MaxHeap,Heap,Classics,Medium,https://practice.geeksforgeeks.org/problems/convert-min-heap-to-max-heap-1666385109/1,https://practice.geeksforgeeks.org/problems/convert-min-heap-to-max-heap-1666385109/1
255,Task Schedular,Heap,Classics,Medium++,https://leetcode.com/problems/task-scheduler/,https://leetcode.com/problems/task-scheduler/
256,Maximum Sum Combinations,Heap,Classics,Medium++,https://www.interviewbit.com/problems/maximum-sum-combinations/,https://www.interviewbit.com/problems/maximum-sum-combinations/
257,Find median from data stream,Heap,Two Heaps,Medium++,https://leetcode.com/problems/find-median-from-data-stream/,https://leetcode.com/problems/find-median-from-data-stream/?envType=list&envId=exzq2s65
258,Sliding Window Median ,Heap,Two Heaps,Hard,https://leetcode.com/problems/sliding-window-median/,https://leetcode.com/problems/sliding-window-median/
259,Find Right Next Interval,Heap,Two Heaps,Hard,https://leetcode.com/problems/find-right-interval/,https://leetcode.com/problems/find-right-interval/
260,Merge k sorted list,Heap,K way merge,Hard,https://leetcode.com/problems/merge-k-sorted-lists/,https://leetcode.com/problems/merge-k-sorted-lists/
261,Median of Two Sorted Arrays,Heap,K way merge,Easy,https://leetcode.com/problems/median-of-two-sorted-arrays/,https://leetcode.com/problems/median-of-two-sorted-arrays/
262,Merge k sorted Array,Heap,K way merge,Hard,https://leetcode.com/problems/merge-k-sorted-lists/,https://leetcode.com/problems/merge-k-sorted-lists/
263,Find K Pairs with smallest Sum,Heap,K way merge,Medium++,https://leetcode.com/problems/find-k-pairs-with-smallest-sums/,https://leetcode.com/problems/find-k-pairs-with-smallest-sums/
264,Assign mice to holes ,Greedy,Classics,Easy,https://www.interviewbit.com/problems/assign-mice-to-holes/,https://github.com/Dummy-Bug/DSA-PracticeHub/blob/master/Binary%20Search/Rotated%20Sorted%20Array/04%20Rotated%20sorted%20array%20IV.md
265,Activity Selection problem,Greedy,Classics,Easy,https://practice.geeksforgeeks.org/problems/activity-selection-1587115620/1,https://practice.geeksforgeeks.org/problems/activity-selection-1587115620/1
266,Stock Buy and sell,Greedy,Classics,Easy,https://leetcode.com/problems/best-time-to-buy-and-sell-stock/,https://leetcode.com/problems/best-time-to-buy-and-sell-stock/
267,Distribute Candies,Greedy,Classics,Medium,https://leetcode.com/problems/distribute-candies/,https://leetcode.com/problems/distribute-candies/
268,Maximize Sum after K negotiations,Greedy,Classics,Easy,https://practice.geeksforgeeks.org/problems/maximize-sum-after-k-negations1149/1,https://practice.geeksforgeeks.org/problems/maximize-sum-after-k-negations1149/1
269,Fractional Knapsack,Greedy,Classics,Medium,https://practice.geeksforgeeks.org/problems/fractional-knapsack-1587115620/1,https://practice.geeksforgeeks.org/problems/fractional-knapsack-1587115620/1
270,Job Sequecning Problem,Greedy,Classics,Medium,https://practice.geeksforgeeks.org/problems/job-sequencing-problem-1587115620/1,https://practice.geeksforgeeks.org/problems/job-sequencing-problem-1587115620/1
271,Insert Interval,Greedy,Interval Problems,Medium ,https://leetcode.com/problems/insert-interval/description/,https://github.com/Dummy-Bug/DSA-PracticeHub/blob/master/Arrays/Interval%20Problems/01%20Insert%20Interval%20.md
272,Merge Interval,Greedy,Interval Problems,Medium,https://leetcode.com/problems/merge-intervals/,https://github.com/Dummy-Bug/DSA-PracticeHub/blob/master/Arrays/Interval%20Problems/02%20Merge%20interval%20.md
273,N meetings in one room,Greedy,Interval Problems,Easy,https://practice.geeksforgeeks.org/problems/n-meetings-in-one-room-1587115620/1,https://github.com/Dummy-Bug/DSA-PracticeHub/blob/master/Arrays/Interval%20Problems/03%20N%20meetings%20in%20one%20room%20.md
274,Number of rooms required for N meetings,Greedy,Interval Problems,Medium++,https://www.interviewbit.com/problems/meeting-rooms/,https://github.com/Dummy-Bug/DSA-PracticeHub/blob/master/Arrays/Interval%20Problems/04%20Meeting%20Rooms%20II.md
275,Minimum Arrows to burst balloons,Greedy,Interval Problems,Medium++,https://leetcode.com/problems/minimum-number-of-arrows-to-burst-balloons/description/,https://github.com/Dummy-Bug/DSA-PracticeHub/blob/master/Arrays/Interval%20Problems/05%20Minimum%20number%20of%20arrows%20to%20burst%20balloons%20.md
276,Non overlapping intervals,Greedy,Interval Problems,Medium++,https://leetcode.com/problems/non-overlapping-intervals/description/,https://github.com/Dummy-Bug/DSA-PracticeHub/blob/master/Arrays/Interval%20Problems/06%20Non%20overlapping%20Intervals%20.md
277,Interval List intersection,Greedy,Interval Problems,Medium,https://leetcode.com/problems/interval-list-intersections/,https://github.com/Dummy-Bug/DSA-PracticeHub/tree/master/Arrays/Interval%20Problems
278,Car pooling ,Greedy,Interval Problems,Medium++,https://leetcode.com/problems/car-pooling/description/,https://github.com/Dummy-Bug/DSA-PracticeHub/blob/master/Arrays/Interval%20Problems/08%20Car%20Pooling%20.md
279,Detect cycle in a directed graph,Graph,Cycle Detection,Easy,https://practice.geeksforgeeks.org/problems/detect-cycle-in-a-directed-graph/1,https://github.com/Dummy-Bug/DSA-PracticeHub/new/master/Graphs/Cycle%20Detection
280,Detect cycle in a undirected graph,Graph,Cycle Detection,Easy,https://practice.geeksforgeeks.org/problems/detect-cycle-in-an-undirected-graph/1,https://github.com/Dummy-Bug/DSA-PracticeHub/blob/master/Graphs/Cycle%20Detection/02%20Detect%20cycle%20in%20undirected%20graph.md
281,Course schedule I,Graph,Cycle Detection,Medium,https://leetcode.com/problems/course-schedule/,https://github.com/Dummy-Bug/DSA-PracticeHub/blob/master/Graphs/Cycle%20Detection/03%20Course%20schedule.md
282,Longest cycle in graph,Graph,Cycle Detection,Medium++,https://leetcode.com/problems/longest-cycle-in-a-graph/description/,https://github.com/Dummy-Bug/DSA-PracticeHub/blob/master/Graphs/Cycle%20Detection/04%20Longest%20cycle%20in%20directed%20graph%20.md
283,Number of Islands,Graph,Island variations,Medium,https://leetcode.com/problems/number-of-islands/,https://github.com/Dummy-Bug/DSA-PracticeHub/blob/master/Binary%20Search/Rotated%20Sorted%20Array/04%20Rotated%20sorted%20array%20IV.md
284,Number of Close Islands,Graph,Island variations,Medium,https://leetcode.com/problems/number-of-closed-islands/,https://leetcode.com/problems/number-of-closed-islands/
285,Keys and Rooms,Graph,Island variations,Medium,https://leetcode.com/problems/keys-and-rooms/,https://leetcode.com/problems/keys-and-rooms/
286,Flood Fill,Graph,Island variations,Medium,https://leetcode.com/problems/flood-fill/,https://leetcode.com/problems/flood-fill/
287,Maximum Area of Island,Graph,Island variations,Medium++,https://leetcode.com/problems/max-area-of-island/,https://leetcode.com/problems/max-area-of-island/
288,Number of Enclaves,Graph,Island variations,Medium,https://leetcode.com/problems/number-of-enclaves/,https://leetcode.com/problems/number-of-enclaves/
289,Coloring a border,Graph,Island variations,Medium++,https://leetcode.com/problems/coloring-a-border/,https://leetcode.com/problems/coloring-a-border/
290,Topological sort,Graph,Topo sort,Medium,https://practice.geeksforgeeks.org/problems/topological-sort/1,https://github.com/Dummy-Bug/DSA-PracticeHub/blob/master/Binary%20Search/Rotated%20Sorted%20Array/04%20Rotated%20sorted%20array%20IV.md
291,Course schedule I,Graph,Topo sort,Medium,https://leetcode.com/problems/course-schedule/,https://leetcode.com/problems/course-schedule/
292,Course schedule II,Graph,Topo sort,Medium,https://leetcode.com/problems/course-schedule-ii/,https://leetcode.com/problems/course-schedule-ii/
293,Find Safe states,Graph,Topo sort,Medium++,https://leetcode.com/problems/find-eventual-safe-states/,https://leetcode.com/problems/find-eventual-safe-states/
294,Alien Dictionary,Graph,Topo sort,Hard,https://practice.geeksforgeeks.org/problems/alien-dictionary/1,https://practice.geeksforgeeks.org/problems/alien-dictionary/1
295,Matrix,Graph,BFS,Medium,https://leetcode.com/problems/01-matrix/,https://leetcode.com/problems/01-matrix/
296,As far from land as Possible,Graph,BFS,Medium,https://leetcode.com/problems/as-far-from-land-as-possible/,https://leetcode.com/problems/as-far-from-land-as-possible/
297,Rotting oranges,Graph,BFS,Medium,https://leetcode.com/problems/rotting-oranges/,https://leetcode.com/problems/rotting-oranges/
298,Shortest Path in Matrix,Graph,BFS,Medium,https://leetcode.com/problems/shortest-path-in-binary-matrix/,https://leetcode.com/problems/shortest-path-in-binary-matrix/
299,Number of Provinces,Graph,Union Find,Medium,https://leetcode.com/problems/number-of-provinces/,https://leetcode.com/problems/number-of-provinces/
300,Redundant connections,Graph,Union Find,Medium,https://leetcode.com/problems/redundant-connection/,https://leetcode.com/problems/redundant-connection/
301,Most stones removed,Graph,Union Find,Medium,https://leetcode.com/problems/most-stones-removed-with-same-row-or-column/,https://leetcode.com/problems/most-stones-removed-with-same-row-or-column/
302,Make network connected,Graph,Union Find,Medium,https://leetcode.com/problems/number-of-operations-to-make-network-connected/,https://leetcode.com/problems/number-of-operations-to-make-network-connected/
303,Implement Dijkstra,Graph,Shortest path,Medium,https://practice.geeksforgeeks.org/problems/implementing-dijkstra-set-1-adjacency-matrix/1,https://github.com/Dummy-Bug/DSA-PracticeHub/blob/master/Binary%20Search/Rotated%20Sorted%20Array/04%20Rotated%20sorted%20array%20IV.md
304,Bellman ford Algorithm,Graph,Shortest path,Medium,https://practice.geeksforgeeks.org/problems/distance-from-the-source-bellman-ford-algorithm/1,https://github.com/Dummy-Bug/DSA-PracticeHub/blob/master/Binary%20Search/Rotated%20Sorted%20Array/04%20Rotated%20sorted%20array%20IV.md
305,Path with maximum possibility,Graph,Shortest path,Medium,https://leetcode.com/problems/path-with-maximum-probability/,https://leetcode.com/problems/path-with-maximum-probability/
306,Path with Minimum Effort,Graph,Shortest path,Medium,https://leetcode.com/problems/path-with-minimum-effort/,https://leetcode.com/problems/path-with-minimum-effort/
307,Network delay Time,Graph,Shortest path,Medium++,https://leetcode.com/problems/network-delay-time/,https://leetcode.com/problems/network-delay-time/
308,Cheapest flights within K stops,Graph,Shortest path,Medium++,https://leetcode.com/problems/cheapest-flights-within-k-stops/,https://leetcode.com/problems/cheapest-flights-within-k-stops/
309,Floyd Warshell Algorithm,Graph,Shortest path,Hard,https://practice.geeksforgeeks.org/problems/implementing-floyd-warshall2042/1,https://practice.geeksforgeeks.org/problems/implementing-floyd-warshall2042/1
310,Kruskal Algorithm,Graph,MST,Medium,https://practice.geeksforgeeks.org/problems/minimum-spanning-tree/1,https://github.com/Dummy-Bug/DSA-PracticeHub/blob/master/Binary%20Search/Rotated%20Sorted%20Array/04%20Rotated%20sorted%20array%20IV.md
311,Prims Algorithm,Graph,MST,Medium,https://practice.geeksforgeeks.org/problems/minimum-spanning-tree/11,https://github.com/Dummy-Bug/DSA-PracticeHub/blob/master/Binary%20Search/Rotated%20Sorted%20Array/04%20Rotated%20sorted%20array%20IV.md
312,Connecting cities with minimum cost,Graph,MST,Medium,https://leetcode.com/problems/connecting-cities-with-minimum-cost/,https://leetcode.com/problems/connecting-cities-with-minimum-cost/
313,Minimum Cost to connect all points,Graph,MST,Medium,https://leetcode.com/problems/min-cost-to-connect-all-points/,https://leetcode.com/problems/min-cost-to-connect-all-points/
314,Is Graph Bipartite,Graph,Miscellaneous,Medium,https://leetcode.com/problems/is-graph-bipartite/,https://leetcode.com/problems/is-graph-bipartite/
315,Word Ladder I,Graph,Miscellaneous,Medium,https://leetcode.com/problems/word-ladder/,https://leetcode.com/problems/word-ladder/
316,Longest Increasing Path in Matrix,Graph,Miscellaneous,Medium++,https://leetcode.com/problems/longest-increasing-path-in-a-matrix/,https://leetcode.com/problems/longest-increasing-path-in-a-matrix/
317,Word Ladder II,Graph,Miscellaneous,Hard,https://leetcode.com/problems/word-ladder-ii/,https://leetcode.com/problems/word-ladder-ii/
318,Critical connections ,Graph,Miscellaneous,Hard,https://leetcode.com/problems/critical-connections-in-a-network/description/,https://github.com/Dummy-Bug/DSA-PracticeHub/blob/master/Binary%20Search/Rotated%20Sorted%20Array/04%20Rotated%20sorted%20array%20IV.md
319,Fibonacci Number,Dynamic Programming,Linear DP,Easy,https://leetcode.com/problems/fibonacci-number/description/,https://github.com/Dummy-Bug/DSA-PracticeHub/blob/master/Dynamic%20Programming/Fibonacci%20variations/01%20Fibbonacci%20number%20.md
320,Tribonacci Number,Dynamic Programming,Linear DP,Easy,https://leetcode.com/problems/n-th-tribonacci-number/description/,https://github.com/Dummy-Bug/DSA-PracticeHub/blob/master/Dynamic%20Programming/Fibonacci%20variations/02%20Tribonacci%20numbers%20.md
321,Climbing Stairs,Dynamic Programming,Linear DP,Easy,https://leetcode.com/problems/climbing-stairs/,https://github.com/Dummy-Bug/DSA-PracticeHub/blob/master/Dynamic%20Programming/Fibonacci%20variations/03%20Climbing%20stairs%20.md
322,Jump Game ,Dynamic Programming,Linear DP,Medium++,https://leetcode.com/problems/jump-game/,https://github.com/Dummy-Bug/DSA-PracticeHub/blob/master/Dynamic%20Programming/Fibonacci%20variations/04%20Jump%20Game%20.md
323,Number of Perfect Squares,Dynamic Programming,Linear DP,Medium++,https://leetcode.com/problems/perfect-squares/description/,https://github.com/Dummy-Bug/DSA-PracticeHub/tree/master/Dynamic%20Programming/Fibonacci%20variations
324,House Robber,Dynamic Programming,Linear DP,Medium++,https://leetcode.com/problems/house-robber/,https://github.com/Dummy-Bug/DSA-PracticeHub/blob/master/Dynamic%20Programming/Linear%20Dp/06%20House%20Robber%20.md
325,01 Knapsack,Dynamic Programming,0-1 Knapsack,Medium,https://practice.geeksforgeeks.org/problems/0-1-knapsack-problem0945/1,https://github.com/Dummy-Bug/DSA-PracticeHub/tree/master/Dynamic%20Programming/0-1%20Knapsack
326,Subset Sum I,Dynamic Programming,0-1 Knapsack,Medium,https://practice.geeksforgeeks.org/problems/subset-sum-problem-1611555638/1,https://github.com/Dummy-Bug/DSA-PracticeHub/tree/master/Dynamic%20Programming/0-1%20Knapsack
327,Subset Sum II,Dynamic Programming,0-1 Knapsack,Medium,https://practice.geeksforgeeks.org/problems/perfect-sum-problem5633/1,https://github.com/Dummy-Bug/DSA-PracticeHub/blob/master/Dynamic%20Programming/0-1%20Knapsack/03%20Number%20of%20subsets%20with%20given%20sum%20.md
328,Coin Change,Dynamic Programming,0-1 Knapsack,Medium,https://leetcode.com/problems/coin-change/,https://github.com/Dummy-Bug/DSA-PracticeHub/blob/master/Dynamic%20Programming/0-1%20Knapsack/07%20Coin%20Change%20.md
329,Subset Sum III,Dynamic Programming,0-1 Knapsack,Medium++,https://leetcode.com/problems/partition-equal-subset-sum/description/,https://github.com/Dummy-Bug/DSA-PracticeHub/blob/master/Dynamic%20Programming/0-1%20Knapsack/04%20Partition%20equal%20subset%20sum.md
330,Subset Sum IV,Dynamic Programming,0-1 Knapsack,Hard,https://practice.geeksforgeeks.org/problems/minimum-sum-partition3317/1,https://github.com/Dummy-Bug/DSA-PracticeHub/blob/master/Dynamic%20Programming/0-1%20Knapsack/05%20Minimum%20difference%20subsets%20.md
331,Subset Sum V,Dynamic Programming,0-1 Knapsack,Hard,https://leetcode.com/problems/target-sum/description/,https://github.com/Dummy-Bug/DSA-PracticeHub/blob/master/Dynamic%20Programming/0-1%20Knapsack/06%20Target%20Sum%20.md
332,Unique Paths,Dynamic Programming,Grid DP,Medium,https://leetcode.com/problems/unique-paths/description/,https://github.com/Dummy-Bug/DSA-PracticeHub/blob/master/Dynamic%20Programming/DP%20on%20Grid/01%20Unique%20Paths%20.md
333,Unique Paths II,Dynamic Programming,Grid DP,Medium,https://leetcode.com/problems/unique-paths-ii/description/,https://github.com/Dummy-Bug/DSA-PracticeHub/blob/master/Dynamic%20Programming/DP%20on%20Grid/02%20Unique%20paths%20.md
334,Minimum Path Sum ,Dynamic Programming,Grid DP,Medium,https://leetcode.com/problems/minimum-path-sum/description/,https://github.com/Dummy-Bug/DSA-PracticeHub/blob/master/Dynamic%20Programming/DP%20on%20Grid/03%20Minimum%20Path%20sum%20.md
335,Minimum Path Sum in Triangle,Dynamic Programming,Grid DP,Medium++,https://leetcode.com/problems/triangle/description/,https://github.com/Dummy-Bug/DSA-PracticeHub/blob/master/Dynamic%20Programming/DP%20on%20Grid/04%20Minimum%20path%20sum%20in%20Triangle%20.md
336,Minimum Falling Path Sum ,Dynamic Programming,Grid DP,Medium++,https://leetcode.com/problems/minimum-falling-path-sum/description/,https://github.com/Dummy-Bug/DSA-PracticeHub/blob/master/Dynamic%20Programming/DP%20on%20Grid/05%20Minimum%20Falling%20path%20sum%20.md
337,Dungeon Princess,Dynamic Programming,Grid DP,Hard,https://leetcode.com/problems/dungeon-game/description/,https://github.com/Dummy-Bug/DSA-PracticeHub/blob/master/Dynamic%20Programming/Grid%20DP/06%20Dungeon%20Princess%20.md
338,Best Time to Buy and Sell stocks I,Dynamic Programming,Stocks DP,Easy,https://leetcode.com/problems/best-time-to-buy-and-sell-stock/,https://leetcode.com/problems/best-time-to-buy-and-sell-stock/
339,Best Time to Buy and Sell stocks II,Dynamic Programming,Stocks DP,Medium,https://leetcode.com/problems/best-time-to-buy-and-sell-stock-ii/,https://leetcode.com/problems/best-time-to-buy-and-sell-stock-ii/
340,Best Time to Buy and Sell stocks III,Dynamic Programming,Stocks DP,Medium,https://leetcode.com/problems/best-time-to-buy-and-sell-stock-iii/description/,https://leetcode.com/problems/best-time-to-buy-and-sell-stock-iii/description/
341,Best Time to Buy and Sell stocks IV,Dynamic Programming,Stocks DP,Medium,https://leetcode.com/problems/best-time-to-buy-and-sell-stock-iv/,https://leetcode.com/problems/best-time-to-buy-and-sell-stock-iv/
342,Best Time to Buy and Sell stocks with CoolDown,Dynamic Programming,Stocks DP,Medium,https://leetcode.com/problems/best-time-to-buy-and-sell-stock-with-cooldown/,https://leetcode.com/problems/best-time-to-buy-and-sell-stock-with-cooldown/
343,Best Time to Buy and Sell stocks with Fees,Dynamic Programming,Stocks DP,Medium,https://leetcode.com/problems/best-time-to-buy-and-sell-stock-with-transaction-fee/,https://leetcode.com/problems/best-time-to-buy-and-sell-stock-with-transaction-fee/
344,Longest Common Subsequence ,Dynamic Programming,Subsequence,Medium,https://leetcode.com/problems/longest-common-subsequence/description/,https://github.com/Dummy-Bug/DSA-PracticeHub/blob/master/Dynamic%20Programming/Subsequence/01%20Longest%20Common%20Subsequence%20.md
345,Shortest Common Supersequence,Dynamic Programming,Subsequence,Medium++,https://practice.geeksforgeeks.org/problems/shortest-common-supersequence0322/1,https://github.com/Dummy-Bug/DSA-PracticeHub/blob/master/Dynamic%20Programming/Subsequence/02%20Shortest%20Common%20Supersequence%20.md
346,Minimum number of deletions,Dynamic Programming,Subsequence,Medium,https://leetcode.com/problems/delete-operation-for-two-strings/description/,https://github.com/Dummy-Bug/DSA-PracticeHub/blob/master/Dynamic%20Programming/Subsequence/04%20Minimum%20Deletion%20.md
347,Shortest Common Supersequence string,Dynamic Programming,Subsequence,Hard,https://leetcode.com/problems/shortest-common-supersequence/description/,https://github.com/Dummy-Bug/DSA-PracticeHub/blob/master/Dynamic%20Programming/Subsequence/03%20Shortest%20Common%20Supersequence%20.md
348,Longest common palindromic subsequence,Dynamic Programming,Subsequence,Medium,https://leetcode.com/problems/longest-palindromic-subsequence/description/,https://github.com/Dummy-Bug/DSA-PracticeHub/blob/master/Dynamic%20Programming/Subsequence/05%20Longest%20Palindromic%20Subsequence.md
349,Edit Distance,Dynamic Programming,Subsequence,Hard,https://leetcode.com/problems/edit-distance/description/,https://github.com/Dummy-Bug/DSA-PracticeHub/blob/master/Dynamic%20Programming/Subsequence/06%20Edit%20distance%20.md
350,Wildcard matching ,Dynamic Programming,Subsequence,Hard,https://leetcode.com/problems/wildcard-matching/description/,https://github.com/Dummy-Bug/DSA-PracticeHub/blob/master/Dynamic%20Programming/Subsequence/07%20Wildcard%20matching%20.md
351,Regex,Dynamic Programming,Subsequence,Hard,https://leetcode.com/problems/regular-expression-matching/description/,https://github.com/Dummy-Bug/DSA-PracticeHub/blob/master/Dynamic%20Programming/Subsequence/07%20Wildcard%20matching%20.mdd
352,Longest Common Substring,Dynamic Programming,Substring,Medium++,https://practice.geeksforgeeks.org/problems/longest-common-substring1452/1,https://github.com/Dummy-Bug/DSA-PracticeHub/blob/master/Dynamic%20Programming/Substrings/01%20Longest%20Common%20Substring%20.md
353,Longest Pallindromic Substring,Dynamic Programming,Substring,Medium++,https://leetcode.com/problems/longest-palindromic-substring/,https://github.com/Dummy-Bug/DSA-PracticeHub/blob/master/Dynamic%20Programming/Subsequence/04%20Minimum%20Deletion%20.mdd
354,Count of Pallindromic Substring,Dynamic Programming,Substring,Hard,https://leetcode.com/problems/palindromic-substrings/,https://github.com/Dummy-Bug/DSA-PracticeHub/blob/master/Dynamic%20Programming/Subsequence/07%20Wildcard%20matching%20.md
355,Longest Increasing Subsequence,Dynamic Programming,LIS,Medium,https://leetcode.com/problems/longest-increasing-subsequence/,https://leetcode.com/problems/longest-increasing-subsequence/
356,Longest String Chain,Dynamic Programming,LIS,Medium,https://leetcode.com/problems/longest-string-chain/,https://leetcode.com/problems/longest-string-chain/
357,Number of LIS,Dynamic Programming,LIS,Medium++,https://leetcode.com/problems/number-of-longest-increasing-subsequence/,https://leetcode.com/problems/number-of-longest-increasing-subsequence/
358,Largest Divisible Set,Dynamic Programming,LIS,Medium,https://leetcode.com/problems/largest-divisible-subset/,https://leetcode.com/problems/largest-divisible-subset/
359,Russian Doll Envelope,Dynamic Programming,LIS,Hard,https://leetcode.com/problems/russian-doll-envelopes/,https://leetcode.com/problems/russian-doll-envelopes/
360,Matrix chain Multiplication,Dynamic Programming,MCM,Hard,https://practice.geeksforgeeks.org/problems/matrix-chain-multiplication0303/1,https://practice.geeksforgeeks.org/problems/matrix-chain-multiplication0303/1
361,Parsing Expression,Dynamic Programming,MCM,Hard,https://leetcode.com/problems/parsing-a-boolean-expression/,https://leetcode.com/problems/parsing-a-boolean-expression/
362,Palindrome Partitioning II,Dynamic Programming,MCM,Hard,https://leetcode.com/problems/palindrome-partitioning-ii/,https://leetcode.com/problems/palindrome-partitioning-ii/
363,Make Array Strictly Increasing,Dynamic Programming,MCM,Hard,https://leetcode.com/problems/make-array-strictly-increasing/,https://leetcode.com/problems/make-array-strictly-increasing/
364,Burst Balloon,Dynamic Programming,MCM,Hard,https://leetcode.com/problems/burst-balloons/,https://leetcode.com/problems/burst-balloons/